source_import,target_import,kind,validated_by
drift.signals,drift_engine.signals,runtime,compat-stub+test-suite
drift.signal_registry,drift_engine.signal_registry,runtime,compat-stub+test-suite
drift.scoring,drift_engine.scoring,runtime,compat-stub+test-suite
drift.pipeline,drift_engine.pipeline,runtime,compat-stub+test-suite
drift.ingestion,drift_engine.ingestion,runtime,compat-stub+test-suite
drift.config,drift_config.config,runtime,compat-stub+test-suite
drift.models,drift_config.models,runtime,compat-stub+test-suite
drift.api,drift_sdk.api,runtime,compat-stub+test-suite
drift.session,drift_session.session,runtime,compat-stub+test-suite
drift.outcome_tracker,drift_session.outcome_tracker,runtime,compat-stub+test-suite
drift.reward_chain,drift_session.reward_chain,runtime,compat-stub+test-suite
drift.outcome_ledger,drift_session.outcome_ledger,runtime,compat-stub+test-suite
drift.mcp_server,drift_mcp.mcp_server,runtime,compat-stub+test-suite
drift.mcp_orchestration,drift_mcp.mcp_orchestration,runtime,compat-stub+test-suite
drift.mcp_router_session,drift_mcp.mcp_router_session,runtime,compat-stub+test-suite
drift.mcp_router_analysis,drift_mcp.mcp_router_analysis,runtime,compat-stub+test-suite
drift.cli,drift_cli.cli,runtime,compat-stub+test-suite
drift.commands,drift_cli.commands,runtime,compat-stub+test-suite
drift.output,drift_output.output,runtime,compat-stub+test-suite
